Workbook

Sheet igsr_samples
A1: Sample name | B1: Sex | C1: Biosample ID | D1: Population code | E1: Population name | F1: Superpopulation code | G1: correct | H1: Superpop_code_self | I1: Superpopulation name | J1: Population elastic ID | K1: Data collections
A2: HG00152 | B2: male | C2: SAME124593 | D2: GBR | E2: British | F2: EUR | G2: =IF(F2=H2,1,0) -> 1 | H2: =VLOOKUP(J2,Sheet3!I:J,2,0) -> EUR | I2: European Ancestry | J2: GBR | K2: 1000 Genomes on GRCh38,1KG_ONT_VIENNA,1000 Genomes phase 3 release,1000 Genomes phase 1 release,Geuvadis
A3: HG00157 | B3: male | C3: SAME124590 | D3: GBR | E3: British | F3: EUR | G3: =IF(F3=H3,1,0) -> 1 | H3: =VLOOKUP(J3,Sheet3!I:J,2,0) -> EUR | I3: European Ancestry | J3: GBR | K3: 1000 Genomes on GRCh38,1000 Genomes 30x on GRCh38,1KG_ONT_VIENNA,1000 Genomes phase 3 release,1000 Genomes phase 1 release,Geuvadis
A4: HG00171 | B4: female | C4: SAME124961 | D4: FIN | E4: Finnish | F4: EUR | G4: =IF(F4=H4,1,0) -> 1 | H4: =VLOOKUP(J4,Sheet3!I:J,2,0) -> EUR | I4: European Ancestry | J4: FIN | K4: 1000 Genomes on GRCh38,1000 Genomes 30x on GRCh38,Human Genome Structural Variation Consortium, Phase 2,Human Genome Structural Variation Consortium, Phase 3,1KG_ONT_VIENNA,1000 Genomes phase 3 release,1000 Genomes phase 1 release,Geuvadis
A5: HG00176 | B5: female | C5: SAME124956 | D5: FIN | E5: Finnish | F5: EUR | G5: =IF(F5=H5,1,0) -> 1 | H5: =VLOOKUP(J5,Sheet3!I:J,2,0) -> EUR | I5: European Ancestry | J5: FIN | K5: 1000 Genomes on GRCh38,1000 Genomes 30x on GRCh38,1000 Genomes phase 3 release,1000 Genomes phase 1 release,Geuvadis
A6: HG00183 | B6: male | C6: SAME123642 | D6: FIN | E6: Finnish | F6: EUR | G6: =IF(F6=H6,1,0) -> 1 | H6: =VLOOKUP(J6,Sheet3!I:J,2,0) -> EUR | I6: European Ancestry | J6: FIN | K6: 1000 Genomes on GRCh38,1000 Genomes 30x on GRCh38,MAGE RNA-seq,1000 Genomes phase 3 release,1000 Genomes phase 1 release,Geuvadis
A7: HG00188 | B7: male | C7: SAME123641 | D7: FIN | E7: Finnish | F7: EUR | G7: =IF(F7=H7,1,0) -> 1 | H7: =VLOOKUP(J7,Sheet3!I:J,2,0) -> EUR | I7: European Ancestry | J7: FIN | K7: 1000 Genomes on GRCh38,1000 Genomes 30x on GRCh38,1KG_ONT_VIENNA,MAGE RNA-seq,1000 Genomes phase 3 release,1000 Genomes phase 1 release,Geuvadis
A8: HG00190 | B8: male | C8: SAME123856 | D8: FIN | E8: Finnish,Finnish | F8: EUR | G8: =IF(F8=H8,1,0) -> 1 | H8: =VLOOKUP(J8,Sheet3!I:J,2,0) -> EUR | I8: European Ancestry,West Eurasia (SGDP) | J8: FIN,FinnishSGDP | K8: 1000 Genomes on GRCh38,Simons Genome Diversity Project,1000 Genomes 30x on GRCh38,1KG_ONT_VIENNA,MAGE RNA-seq,1000 Genomes phase 3 release,1000 Genomes phase 1 release
A9: HG00234 | B9: male | C9: SAME124123 | D9: GBR | E9: British | F9: EUR | G9: =IF(F9=H9,1,0) -> 1 | H9: =VLOOKUP(J9,Sheet3!I:J,2,0) -> EUR | I9: European Ancestry | J9: GBR | K9: 1000 Genomes on GRCh38,1000 Genomes 30x on GRCh38,1000 Genomes phase 3 release,1000 Genomes phase 1 release,Geuvadis
A10: HG00239 | B10: female | C10: SAME124130 | D10: GBR | E10: British | F10: EUR | G10: =IF(F10=H10,1,0) -> 1 | H10: =VLOOKUP(J10,Sheet3!I:J,2,0) -> EUR | I10: European Ancestry | J10: GBR | K10: 1000 Genomes on GRCh38,1000 Genomes 30x on GRCh38,1000 Genomes phase 3 release,1000 Genomes phase 1 release,Geuvadis
A11: HG00246 | B11: male | C11: SAME123219 | D11: GBR | E11: British | F11: EUR | G11: =IF(F11=H11,1,0) -> 1 | H11: =VLOOKUP(J11,Sheet3!I:J,2,0) -> EUR | I11: European Ancestry | J11: GBR | K11: 1000 Genomes on GRCh38,1000 Genomes 30x on GRCh38,1000 Genomes phase 3 release,1000 Genomes phase 1 release,Geuvadis
A12: HG00253 | B12: female | C12: SAME123051 | D12: GBR | E12: British | F12: EUR | G12: =IF(F12=H12,1,0) -> 1 | H12: =VLOOKUP(J12,Sheet3!I:J,2,0) -> EUR | I12: European Ancestry | J12: GBR | K12: 1000 Genomes on GRCh38,1000 Genomes 30x on GRCh38,Human Pangenome Reference Consortium, Phase 2,1000 Genomes phase 3 release,1000 Genomes phase 1 release,Geuvadis
A13: HG00258 | B13: female | C13: SAME123057 | D13: GBR | E13: British | F13: EUR | G13: =IF(F13=H13,1,0) -> 1 | H13: =VLOOKUP(J13,Sheet3!I:J,2,0) -> EUR | I13: European Ancestry | J13: GBR | K13: 1000 Genomes on GRCh38,1000 Genomes 30x on GRCh38,1KG_ONT_VIENNA,Human Pangenome Reference Consortium, Phase 2,1000 Genomes phase 3 release,1000 Genomes phase 1 release,Geuvadis
... A67: HG00626 | B67: female | C67: SAME123078 | D67: CHS | E67: Southern Han Chinese | F67: EAS | G67: =IF(F67=H67,1,0) -> 1 | H67: =VLOOKUP(J67,Sheet3!I:J,2,0) -> EAS | I67: East Asian Ancestry | J67: CHS | K67: 1000 Genomes on GRCh38,1000 Genomes 30x on GRCh38,1KG_ONT_VIENNA,1000 Genomes phase 3 release,1000 Genomes phase 1 release
A68: HG00633 | B68: male | C68: SAME1839144 | D68: CHS | E68: Southern Han Chinese | F68: EAS | G68: =IF(F68=H68,1,0) -> 1 | H68: =VLOOKUP(J68,Sheet3!I:J,2,0) -> EAS | I68: East Asian Ancestry | J68: CHS
A69: HG00638 | B69: female | C69: SAME123652 | D69: PUR | E69: Puerto Rican | F69: AMR | G69: =IF(F69=H69,1,0) -> 1 | H69: =VLOOKUP(J69,Sheet3!I:J,2,0) -> AMR | I69: American Ancestry | J69: PUR | K69: 1000 Genomes on GRCh38,1000 Genomes 30x on GRCh38,1000 Genomes phase 3 release,1000 Genomes phase 1 release
A70: HG00640 | B70: male | C70: SAME123434 | D70: PUR | E70: Puerto Rican | F70: AMR | G70: =IF(F70=H70,1,0) -> 1 | H70: =VLOOKUP(J70,Sheet3!I:J,2,0) -> AMR | I70: American Ancestry | J70: PUR | K70: 1000 Genomes on GRCh38,1000 Genomes 30x on GRCh38,1000 Genomes phase 3 release,1000 Genomes phase 1 release
A71: HG00652 | B71: female | C71: SAME123252 | D71: CHS | E71: Southern Han Chinese | F71: EAS | G71: =IF(F71=H71,1,0) -> 1 | H71: =VLOOKUP(J71,Sheet3!I:J,2,0) -> EAS | I71: East Asian Ancestry | J71: CHS | K71: 1000 Genomes 30x on GRCh38,1000 Genomes phase 3 release
A72: HG00657 | B72: female | C72: SAME123255 | D72: CHS | E72: Southern Han Chinese | F72: EAS | G72: =IF(F72=H72,1,0) -> 1 | H72: =VLOOKUP(J72,Sheet3!I:J,2,0) -> EAS | I72: East Asian Ancestry | J72: CHS | K72: 1000 Genomes on GRCh38,1000 Genomes 30x on GRCh38,1KG_ONT_VIENNA,MAGE RNA-seq,1000 Genomes phase 3 release,1000 Genomes phase 1 release,90 Han Chinese high coverage genomes
A73: HG00664 | B73: male | C73: SAME123814 | D73: CHS | E73: Southern Han Chinese | F73: EAS | G73: =IF(F73=H73,1,0) -> 1 | H73: =VLOOKUP(J73,Sheet3!I:J,2,0) -> EAS | I73: East Asian Ancestry | J73: CHS | K73: 1000 Genomes 30x on GRCh38,1000 Genomes phase 3 release
A74: HG00671 | B74: male | C74: SAME123604 | D74: CHS | E74: Southern Han Chinese | F74: EAS | G74: =IF(F74=H74,1,0) -> 1 | H74: =VLOOKUP(J74,Sheet3!I:J,2,0) -> EAS | I74: East Asian Ancestry | J74: CHS | K74: 1000 Genomes on GRCh38,1000 Genomes 30x on GRCh38,1000 Genomes phase 3 release,1000 Genomes phase 1 release,90 Han Chinese high coverage genomes
A75: HG00676 | B75: male | C75: SAME1840071 | D75: CHS | E75: Southern Han Chinese | F75: EAS | G75: =IF(F75=H75,1,0) -> 1 | H75: =VLOOKUP(J75,Sheet3!I:J,2,0) -> EAS | I75: East Asian Ancestry | J75: CHS
A76: HG00683 | B76: male | C76: SAME123892 | D76: CHS | E76: Southern Han Chinese | F76: EAS | G76: =IF(F76=H76,1,0) -> 1 | H76: =VLOOKUP(J76,Sheet3!I:J,2,0) -> EAS | I76: East Asian Ancestry | J76: CHS | K76: 1000 Genomes on GRCh38,1000 Genomes 30x on GRCh38,1000 Genomes phase 3 release,1000 Genomes phase 1 release,90 Han Chinese high coverage genomes
A77: HG00690 | B77: female | C77: SAME123686 | D77: CHS | E77: Southern Han Chinese | F77: EAS | G77: =IF(F77=H77,1,0) -> 1 | H77: =VLOOKUP(J77,Sheet3!I:J,2,0) -> EAS | I77: East Asian Ancestry | J77: CHS | K77: 1000 Genomes on GRCh38,1000 Genomes 30x on GRCh38,1000 Genomes phase 3 release,1000 Genomes phase 1 release,90 Han Chinese high coverage genomes
A78: HG00703 | B78: male | C78: SAME122933 | D78: CHS | E78: Southern Han Chinese | F78: EAS | G78: =IF(F78=H78,1,0) -> 1 | H78: =VLOOKUP(J78,Sheet3!I:J,2,0) -> EAS | I78: East Asian Ancestry | J78: CHS | K78: 1000 Genomes 30x on GRCh38,1000 Genomes phase 3 release
A79: HG00708 | B79: female | C79: SAME122940 | D79: CHS | E79: Southern Han Chinese | F79: EAS | G79: =IF(F79=H79,1,0) -> 1 | H79: =VLOOKUP(J79,Sheet3!I:J,2,0) -> EAS | I79: East Asian Ancestry | J79: CHS | K79: 1000 Genomes on GRCh38,1000 Genomes 30x on GRCh38,1000 Genomes phase 3 release,1000 Genomes phase 1 release
A80: HG01516 | B80: female | C80: SAME124773 | D80: IBS | E80: Iberian | F80: EUR | G80: =IF(F80=H80,1,0) -> 1 | H80: =VLOOKUP(J80,Sheet3!I:J,2,0) -> EUR | I80: European Ancestry | J80: IBS | K80: 1000 Genomes on GRCh38,1000 Genomes 30x on GRCh38,1000 Genomes phase 3 release,1000 Genomes phase 1 release
A81: HG01523 | B81: male | C81: SAME125322 | D81: IBS | E81: Iberian | F81: EUR | G81: =IF(F81=H81,1,0) -> 1 | H81: =VLOOKUP(J81,Sheet3!I:J,2,0) -> EUR | I81: European Ancestry | J81: IBS | K81: 1000 Genomes 30x on GRCh38,1000 Genomes phase 3 release
A82: HG01528 | B82: female | C82: SAME125329 | D82: IBS | E82: Iberian | F82: EUR | G82: =IF(F82=H82,1,0) -> 1 | H82: =VLOOKUP(J82,Sheet3!I:J,2,0) -> EUR | I82: European Ancestry | J82: IBS | K82: 1000 Genomes on GRCh38,1000 Genomes 30x on GRCh38,1000 Genomes phase 3 release
A83: HG01530 | B83: male | C83: SAME125137 | D83: IBS | E83: Iberian | F83: EUR | G83: =IF(F83=H83,1,0) -> 1 | H83: =VLOOKUP(J83,Sheet3!I:J,2,0) -> EUR | I83: European Ancestry | J83: IBS | K83: 1000 Genomes on GRCh38,1000 Genomes 30x on GRCh38,1KG_ONT_VIENNA,Human Pangenome Reference Consortium, Phase 2,1000 Genomes phase 3 release
A84: HG01566 | B84: female | C84: SAME124564 | D84: PEL | E84: Peruvian | F84: AMR | G84: =IF(F84=H84,1,0) -> 1 | H84: =VLOOKUP(J84,Sheet3!I:J,2,0) -> AMR | I84: American Ancestry | J84: PEL | K84: 1000 Genomes on GRCh38,1000 Genomes 30x on GRCh38,1KG_ONT_VIENNA,1000 Genomes phase 3 release
A85: HG01573 | B85: female | C85: SAME124347 | D85: PEL | E85: Peruvian | F85: AMR | G85: =IF(F85=H85,1,0) -> 1 | H85: =VLOOKUP(J85,Sheet3!I:J,2,0) -> AMR | I85: American Ancestry | J85: PEL | K85: 1000 Genomes 30x on GRCh38,Human Genome Structural Variation Consortium, Phase 2,Human Genome Structural Variation Consortium, Phase 3,1000 Genomes phase 3 release
A86: HG01578 | B86: female | C86: SAME124351 | D86: PEL | E86: Peruvian | F86: AMR | G86: =IF(F86=H86,1,0) -> 1 | H86: =VLOOKUP(J86,Sheet3!I:J,2,0) -> AMR | I86: American Ancestry | J86: PEL | K86: 1000 Genomes on GRCh38,1000 Genomes 30x on GRCh38,1KG_ONT_VIENNA,MAGE RNA-seq,1000 Genomes phase 3 release
A87: HG01597 | B87: female | C87: SAME125226 | D87: KHV | E87: Kinh Vietnamese | F87: EAS | G87: =IF(F87=H87,1,0) -> 1 | H87: =VLOOKUP(J87,Sheet3!I:J,2,0) -> EAS | I87: East Asian Ancestry | J87: KHV | K87: 1000 Genomes on GRCh38,1000 Genomes 30x on GRCh38,1KG_ONT_VIENNA,MAGE RNA-seq,1000 Genomes phase 3 release
... A169: HG02235 | B169: female | C169: SAME123521 | D169: IBS | E169: Iberian | F169: EUR | G169: =IF(F169=H169,1,0) -> 1 | H169: =VLOOKUP(J169,Sheet3!I:J,2,0) -> EUR | I169: European Ancestry | J169: IBS | K169: 1000 Genomes on GRCh38,1000 Genomes 30x on GRCh38,1000 Genomes phase 3 release
A170: HG02254 | B170: female | C170: SAME1839344 | D170: PEL | E170: Peruvian | F170: AMR | G170: =IF(F170=H170,1,0) -> 1 | H170: =VLOOKUP(J170,Sheet3!I:J,2,0) -> AMR | I170: American Ancestry | J170: PEL
A171: HG02259 | B171: male | C171: SAME1839319 | D171: PEL | E171: Peruvian | F171: AMR | G171: =IF(F171=H171,1,0) -> 1 | H171: =VLOOKUP(J171,Sheet3!I:J,2,0) -> AMR | I171: American Ancestry | J171: PEL | K171: 1000 Genomes on GRCh38,1000 Genomes 30x on GRCh38,1000 Genomes phase 3 release
A172: HG02261 | B172: male | C172: SAME1839134 | D172: PEL | E172: Peruvian | F172: AMR | G172: =IF(F172=H172,1,0) -> 1 | H172: =VLOOKUP(J172,Sheet3!I:J,2,0) -> AMR | I172: American Ancestry | J172: PEL | K172: 1000 Genomes 30x on GRCh38,1000 Genomes phase 3 release
A173: HG02266 | B173: female | C173: SAME1839110 | D173: PEL | E173: Peruvian | F173: AMR | G173: =IF(F173=H173,1,0) -> 1 | H173: =VLOOKUP(J173,Sheet3!I:J,2,0) -> AMR | I173: American Ancestry | J173: PEL | K173: 1000 Genomes on GRCh38,1000 Genomes 30x on GRCh38,1KG_ONT_VIENNA,1000 Genomes phase 3 release
A174: HG02273 | B174: female | C174: SAME1840309 | D174: PEL | E174: Peruvian | F174: AMR | G174: =IF(F174=H174,1,0) -> 1 | H174: =VLOOKUP(J174,Sheet3!I:J,2,0) -> AMR | I174: American Ancestry | J174: PEL | K174: 1000 Genomes 30x on GRCh38,Human Pangenome Reference Consortium, Phase 2,1000 Genomes phase 3 release
A175: HG02278 | B175: female | C175: SAME1840367 | D175: PEL | E175: Peruvian | F175: AMR | G175: =IF(F175=H175,1,0) -> 1 | H175: =VLOOKUP(J175,Sheet3!I:J,2,0) -> AMR | I175: American Ancestry | J175: PEL | K175: 1000 Genomes on GRCh38,1000 Genomes 30x on GRCh38,1000 Genomes phase 3 release
A176: HG02280 | B176: female | C176: SAME1840096 | D176: ACB | E176: African Caribbean | F176: AFR | G176: =IF(F176=H176,1,0) -> 1 | H176: =VLOOKUP(J176,Sheet3!I:J,2,0) -> AFR | I176: African Ancestry | J176: ACB | K176: 1000 Genomes 30x on GRCh38,Human Pangenome Reference Consortium, Phase 2,1000 Genomes phase 3 release
A177: HG02285 | B177: male | C177: SAME122914 | D177: PEL | E177: Peruvian | F177: AMR | G177: =IF(F177=H177,1,0) -> 1 | H177: =VLOOKUP(J177,Sheet3!I:J,2,0) -> AMR | I177: American Ancestry | J177: PEL | K177: 1000 Genomes on GRCh38,1000 Genomes 30x on GRCh38,1KG_ONT_VIENNA,1000 Genomes phase 3 release
A178: HG01787 | B178: female | C178: SAME1839306 | D178: IBS | E178: Iberian | F178: EUR | G178: =IF(F178=H178,1,0) -> 1 | H178: =VLOOKUP(J178,Sheet3!I:J,2,0) -> EUR | I178: European Ancestry | J178: IBS
A179: HG01794 | B179: female | C179: SAME124218 | D179: CDX | E179: Dai Chinese | F179: EAS | G179: =IF(F179=H179,1,0) -> 1 | H179: =VLOOKUP(J179,Sheet3!I:J,2,0) -> EAS | I179: East Asian Ancestry | J179: CDX | K179: 1000 Genomes on GRCh38,1000 Genomes 30x on GRCh38,1KG_ONT_VIENNA,1000 Genomes phase 3 release
A180: HG01799 | B180: female | C180: SAME124227 | D180: CDX | E180: Dai Chinese | F180: EAS | G180: =IF(F180=H180,1,0) -> 1 | H180: =VLOOKUP(J180,Sheet3!I:J,2,0) -> EAS | I180: East Asian Ancestry | J180: CDX | K180: 1000 Genomes on GRCh38,1000 Genomes 30x on GRCh38,1000 Genomes phase 3 release
A181: HG01802 | B181: female | C181: SAME124307 | D181: CDX | E181: Dai Chinese | F181: EAS | G181: =IF(F181=H181,1,0) -> 1 | H181: =VLOOKUP(J181,Sheet3!I:J,2,0) -> EAS | I181: East Asian Ancestry | J181: CDX | K181: 1000 Genomes on GRCh38,1000 Genomes 30x on GRCh38,1000 Genomes phase 3 release
A182: HG01807 | B182: female | C182: SAME124303 | D182: CDX | E182: Dai Chinese | F182: EAS | G182: =IF(F182=H182,1,0) -> 1 | H182: =VLOOKUP(J182,Sheet3!I:J,2,0) -> EAS | I182: East Asian Ancestry | J182: CDX | K182: 1000 Genomes on GRCh38,1000 Genomes 30x on GRCh38,1KG_ONT_VIENNA,1000 Genomes phase 3 release
A183: HG01840 | B183: male | C183: SAME123552 | D183: KHV | E183: Kinh Vietnamese | F183: EAS | G183: =IF(F183=H183,1,0) -> 1 | H183: =VLOOKUP(J183,Sheet3!I:J,2,0) -> EAS | I183: East Asian Ancestry | J183: KHV | K183: 1000 Genomes on GRCh38,1000 Genomes 30x on GRCh38,1KG_ONT_VIENNA,1000 Genomes phase 3 release
A184: HG01845 | B184: female | C184: SAME123555 | D184: KHV | E184: Kinh Vietnamese | F184: EAS | G184: =IF(F184=H184,1,0) -> 1 | H184: =VLOOKUP(J184,Sheet3!I:J,2,0) -> EAS | I184: East Asian Ancestry | J184: KHV | K184: 1000 Genomes on GRCh38,1000 Genomes 30x on GRCh38,1000 Genomes phase 3 release
A185: HG01852 | B185: male | C185: SAME123750 | D185: KHV | E185: Kinh Vietnamese | F185: EAS | G185: =IF(F185=H185,1,0) -> 1 | H185: =VLOOKUP(J185,Sheet3!I:J,2,0) -> EAS | I185: East Asian Ancestry | J185: KHV | K185: 1000 Genomes on GRCh38,1000 Genomes 30x on GRCh38,1000 Genomes phase 3 release
A186: HG01857 | B186: female | C186: SAME123748 | D186: KHV | E186: Kinh Vietnamese | F186: EAS | G186: =IF(F186=H186,1,0) -> 1 | H186: =VLOOKUP(J186,Sheet3!I:J,2,0) -> EAS | I186: East Asian Ancestry | J186: KHV | K186: 1000 Genomes on GRCh38,1000 Genomes 30x on GRCh38,1000 Genomes phase 3 release
A187: HG01864 | B187: male | C187: SAME123197 | D187: KHV | E187: Kinh Vietnamese | F187: EAS | G187: =IF(F187=H187,1,0) -> 1 | H187: =VLOOKUP(J187,Sheet3!I:J,2,0) -> EAS | I187: East Asian Ancestry | J187: KHV | K187: 1000 Genomes on GRCh38,1000 Genomes 30x on GRCh38,1000 Genomes phase 3 release
A188: HG01869 | B188: female | C188: SAME123192 | D188: KHV | E188: Kinh Vietnamese | F188: EAS | G188: =IF(F188=H188,1,0) -> 1 | H188: =VLOOKUP(J188,Sheet3!I:J,2,0) -> EAS | I188: East Asian Ancestry | J188: KHV | K188: 1000 Genomes on GRCh38,1000 Genomes 30x on GRCh38,1000 Genomes phase 3 release
A189: HG01871 | B189: female | C189: SAME123398 | D189: KHV | E189: Kinh Vietnamese | F189: EAS | G189: =IF(F189=H189,1,0) -> 1 | H189: =VLOOKUP(J189,Sheet3!I:J,2,0) -> EAS | I189: East Asian Ancestry | J189: KHV | K189: 1000 Genomes on GRCh38,1000 Genomes 30x on GRCh38,1KG_ONT_VIENNA,1000 Genomes phase 3 release
A190: HG01883 | B190: female | C190: SAME122848 | D190: ACB | E190: African Caribbean | F190: AFR | G190: =IF(F190=H190,1,0) -> 1 | H190: =VLOOKUP(J190,Sheet3!I:J,2,0) -> AFR | I190: African Ancestry | J190: ACB | K190: 1000 Genomes on GRCh38,1000 Genomes 30x on GRCh38,1KG_ONT_VIENNA,1000 Genomes phase 3 release
... A214: HG01357 | B214: female | C214: SAME124681 | D214: CLM | E214: Colombian | F214: AMR | G214: =IF(F214=H214,1,0) -> 1 | H214: =VLOOKUP(J214,Sheet3!I:J,2,0) -> AMR | I214: American Ancestry | J214: CLM | K214: 1000 Genomes on GRCh38,1000 Genomes 30x on GRCh38,1000 Genomes phase 3 release,1000 Genomes phase 1 release
A215: HG01364 | B215: female | C215: SAME1839152 | D215: CLM | E215: Colombian | F215: AMR | G215: =IF(F215=H215,1,0) -> 1 | H215: =VLOOKUP(J215,Sheet3!I:J,2,0) -> AMR | I215: American Ancestry | J215: CLM
A216: HG01369 | B216: female | C216: SAME1839124 | D216: CLM | E216: Colombian | F216: AMR | G216: =IF(F216=H216,1,0) -> 1 | H216: =VLOOKUP(J216,Sheet3!I:J,2,0) -> AMR | I216: American Ancestry | J216: CLM | K216: 1000 Genomes on GRCh38,1000 Genomes 30x on GRCh38,1000 Genomes phase 3 release
A217: HG01376 | B217: female | C217: SAME124289 | D217: CLM | E217: Colombian | F217: AMR | G217: =IF(F217=H217,1,0) -> 1 | H217: =VLOOKUP(J217,Sheet3!I:J,2,0) -> AMR | I217: American Ancestry | J217: CLM | K217: 1000 Genomes 30x on GRCh38,1000 Genomes phase 3 release
A218: HG01383 | B218: male | C218: SAME122971 | D218: CLM | E218: Colombian | F218: AMR | G218: =IF(F218=H218,1,0) -> 1 | H218: =VLOOKUP(J218,Sheet3!I:J,2,0) -> AMR | I218: American Ancestry | J218: CLM | K218: 1000 Genomes on GRCh38,1000 Genomes 30x on GRCh38,MAGE RNA-seq,1000 Genomes phase 3 release,1000 Genomes phase 1 release
A219: HG01390 | B219: female | C219: SAME122805 | D219: CLM | E219: Colombian | F219: AMR | G219: =IF(F219=H219,1,0) -> 1 | H219: =VLOOKUP(J219,Sheet3!I:J,2,0) -> AMR | I219: American Ancestry | J219: CLM | K219: 1000 Genomes on GRCh38,1000 Genomes 30x on GRCh38,1KG_ONT_VIENNA,MAGE RNA-seq,1000 Genomes phase 3 release,1000 Genomes phase 1 release
A220: HG01395 | B220: male | C220: SAME1840207 | D220: PUR | E220: Puerto Rican | F220: AMR | G220: =IF(F220=H220,1,0) -> 1 | H220: =VLOOKUP(J220,Sheet3!I:J,2,0) -> AMR | I220: American Ancestry | J220: PUR | K220: 1000 Genomes on GRCh38,1000 Genomes 30x on GRCh38,MAGE RNA-seq,1000 Genomes phase 3 release
A221: HG01403 | B221: female | C221: SAME1839867 | D221: PUR | E221: Puerto Rican | F221: AMR | G221: =IF(F221=H221,1,0) -> 1 | H221: =VLOOKUP(J221,Sheet3!I:J,2,0) -> AMR | I221: American Ancestry | J221: PUR | K221: 1000 Genomes on GRCh38,1000 Genomes 30x on GRCh38,1000 Genomes phase 3 release
A222: HG01415 | B222: female | C222: SAME1839705 | D222: PUR | E222: Puerto Rican | F222: AMR | G222: =IF(F222=H222,1,0) -> 1 | H222: =VLOOKUP(J222,Sheet3!I:J,2,0) -> AMR | I222: American Ancestry | J222: PUR
A223: HG01439 | B223: female | C223: SAME124972 | D223: CLM | E223: Colombian | F223: AMR | G223: =IF(F223=H223,1,0) -> 1 | H223: =VLOOKUP(J223,Sheet3!I:J,2,0) -> AMR | I223: American Ancestry | J223: CLM | K223: 1000 Genomes 30x on GRCh38,1000 Genomes phase 3 release
A224: HG01441 | B224: female | C224: SAME123236 | D224: CLM | E224: Colombian | F224: AMR | G224: =IF(F224=H224,1,0) -> 1 | H224: =VLOOKUP(J224,Sheet3!I:J,2,0) -> AMR | I224: American Ancestry | J224: CLM | K224: 1000 Genomes on GRCh38,1000 Genomes 30x on GRCh38,1000 Genomes phase 3 release,1000 Genomes phase 1 release
A225: HG01453 | B225: female | C225: SAME1839159 | D225: CLM | E225: Colombian | F225: AMR | G225: =IF(F225=H225,1,0) -> 1 | H225: =VLOOKUP(J225,Sheet3!I:J,2,0) -> AMR | I225: American Ancestry | J225: CLM | K225: 1000 Genomes on GRCh38,1KG_ONT_VIENNA
A226: HG01465 | B226: female | C226: SAME122882 | D226: CLM | E226: Colombian | F226: AMR | G226: =IF(F226=H226,1,0) -> 1 | H226: =VLOOKUP(J226,Sheet3!I:J,2,0) -> AMR | I226: American Ancestry | J226: CLM | K226: 1000 Genomes on GRCh38,1000 Genomes 30x on GRCh38,1KG_ONT_VIENNA,1000 Genomes phase 3 release,1000 Genomes phase 1 release
A227: HG01477 | B227: female | C227: SAME1840183 | D227: CLM | E227: Colombian | F227: AMR | G227: =IF(F227=H227,1,0) -> 1 | H227: =VLOOKUP(J227,Sheet3!I:J,2,0) -> AMR | I227: American Ancestry | J227: CLM | K227: 1000 Genomes on GRCh38
A228: HG01484 | B228: female | C228: SAME1839960 | D228: CLM | E228: Colombian | F228: AMR | G228: =IF(F228=H228,1,0) -> 1 | H228: =VLOOKUP(J228,Sheet3!I:J,2,0) -> AMR | I228: American Ancestry | J228: CLM
A229: HG01489 | B229: female | C229: SAME123972 | D229: CLM | E229: Colombian | F229: AMR | G229: =IF(F229=H229,1,0) -> 1 | H229: =VLOOKUP(J229,Sheet3!I:J,2,0) -> AMR | I229: American Ancestry | J229: CLM | K229: 1000 Genomes on GRCh38,1000 Genomes 30x on GRCh38,1KG_ONT_VIENNA,MAGE RNA-seq,1000 Genomes phase 3 release,1000 Genomes phase 1 release
A230: HG01491 | B230: male | C230: SAME124140 | D230: CLM | E230: Colombian | F230: AMR | G230: =IF(F230=H230,1,0) -> 1 | H230: =VLOOKUP(J230,Sheet3!I:J,2,0) -> AMR | I230: American Ancestry | J230: CLM | K230: 1000 Genomes on GRCh38,1000 Genomes 30x on GRCh38,1000 Genomes phase 3 release,1000 Genomes phase 1 release
A231: HG01496 | B231: female | C231: SAME124133 | D231: CLM | E231: Colombian | F231: AMR | G231: =IF(F231=H231,1,0) -> 1 | H231: =VLOOKUP(J231,Sheet3!I:J,2,0) -> AMR | I231: American Ancestry | J231: CLM | K231: 1000 Genomes 30x on GRCh38,Human Pangenome Reference Consortium, Phase 2,1000 Genomes phase 3 release
A232: HG01504 | B232: female | C232: SAME124945 | D232: IBS | E232: Iberian,Spanish | F232: EUR | G232: =IF(F232=H232,1,0) -> 1 | H232: =VLOOKUP(J232,Sheet3!I:J,2,0) -> EUR | I232: European Ancestry,West Eurasia (SGDP) | J232: IBS,SpanishSGDP | K232: 1000 Genomes on GRCh38,Simons Genome Diversity Project,1000 Genomes 30x on GRCh38,1KG_ONT_VIENNA,1000 Genomes phase 3 release
A233: HG01509 | B233: male | C233: SAME124940 | D233: IBS | E233: Iberian | F233: EUR | G233: =IF(F233=H233,1,0) -> 1 | H233: =VLOOKUP(J233,Sheet3!I:J,2,0) -> EUR | I233: European Ancestry | J233: IBS | K233: 1000 Genomes on GRCh38,1000 Genomes 30x on GRCh38,1KG_ONT_VIENNA,MAGE RNA-seq,1000 Genomes phase 3 release
A234: HG01511 | B234: female | C234: SAME124770 | D234: IBS | E234: Iberian | F234: EUR | G234: =IF(F234=H234,1,0) -> 1 | H234: =VLOOKUP(J234,Sheet3!I:J,2,0) -> EUR | I234: European Ancestry | J234: IBS | K234: 1000 Genomes 30x on GRCh38,1000 Genomes phase 3 release
A235: HG04003 | B235: male | C235: SAME1839775 | D235: STU | E235: Tamil | F235: SAS | G235: =IF(F235=H235,1,0) -> 1 | H235: =VLOOKUP(J235,Sheet3!I:J,2,0) -> SAS | I235: South Asian Ancestry | J235: STU | K235: 1000 Genomes on GRCh38,1000 Genomes 30x on GRCh38,1000 Genomes phase 3 release
A236: HG04015 | B236: male | C236: SAME1839847 | D236: ITU | E236: Telugu | F236: SAS | G236: =IF(F236=H236,1,0) -> 1 | H236: =VLOOKUP(J236,Sheet3!I:J,2,0) -> SAS | I236: South Asian Ancestry | J236: ITU | K236: 1000 Genomes on GRCh38,1000 Genomes 30x on GRCh38,1KG_ONT_VIENNA,1000 Genomes phase 3 release
A237: HG04022 | B237: male | C237: SAME1839691 | D237: ITU | E237: Telugu | F237: SAS | G237: =IF(F237=H237,1,0) -> 1 | H237: =VLOOKUP(J237,Sheet3!I:J,2,0) -> SAS | I237: South Asian Ancestry | J237: ITU | K237: 1000 Genomes on GRCh38,1000 Genomes 30x on GRCh38,1KG_ONT_VIENNA,1000 Genomes phase 3 release
A238: HG04039 | B238: male | C238: SAME1839506 | D238: STU | E238: Tamil | F238: SAS | G238: =IF(F238=H238,1,0) -> 1 | H238: =VLOOKUP(J238,Sheet3!I:J,2,0) -> SAS | I238: South Asian Ancestry | J238: STU | K238: 1000 Genomes on GRCh38,1000 Genomes 30x on GRCh38,1KG_ONT_VIENNA,1000 Genomes phase 3 release
A239: HG04053 | B239: male | C239: SAME1839095 | D239: ITU | E239: Telugu | F239: SAS | G239: =IF(F239=H239,1,0) -> 1 | H239: =VLOOKUP(J239,Sheet3!I:J,2,0) -> SAS | I239: South Asian Ancestry | J239: ITU | K239: 1000 Genomes on GRCh38
A240: HG04058 | B240: male | C240: SAME1839023 | D240: ITU | E240: Telugu | F240: SAS | G240: =IF(F240=H240,1,0) -> 1 | H240: =VLOOKUP(J240,Sheet3!I:J,2,0) -> SAS | I240: South Asian Ancestry | J240: ITU | K240: 1000 Genomes on GRCh38
... A252: HG04192 | B252: female | C252: SAME1839902 | D252: BEB | E252: Bengali | F252: SAS | G252: =IF(F252=H252,1,0) -> 1 | H252: =VLOOKUP(J252,Sheet3!I:J,2,0) -> SAS | I252: South Asian Ancestry | J252: BEB | K252: 1000 Genomes on GRCh38,1000 Genomes 30x on GRCh38,1KG_ONT_VIENNA
A253: HG04197 | B253: female | C253: SAME1839828 | D253: STU | E253: Tamil | F253: SAS | G253: =IF(F253=H253,1,0) -> 1 | H253: =VLOOKUP(J253,Sheet3!I:J,2,0) -> SAS | I253: South Asian Ancestry | J253: STU
A254: HG04200 | B254: female | C254: SAME1839511 | D254: ITU | E254: Telugu | F254: SAS | G254: =IF(F254=H254,1,0) -> 1 | H254: =VLOOKUP(J254,Sheet3!I:J,2,0) -> SAS | I254: South Asian Ancestry | J254: ITU | K254: 1000 Genomes on GRCh38,1000 Genomes 30x on GRCh38,1KG_ONT_VIENNA,1000 Genomes phase 3 release
A255: HG04212 | B255: female | C255: SAME1839325 | D255: ITU | E255: Telugu | F255: SAS | G255: =IF(F255=H255,1,0) -> 1 | H255: =VLOOKUP(J255,Sheet3!I:J,2,0) -> SAS | I255: South Asian Ancestry | J255: ITU | K255: 1000 Genomes on GRCh38,1000 Genomes 30x on GRCh38,1000 Genomes phase 3 release
A256: HG04217 | B256: female | C256: SAME1839350 | D256: ITU | E256: Telugu | F256: SAS | G256: =IF(F256=H256,1,0) -> 1 | H256: =VLOOKUP(J256,Sheet3!I:J,2,0) -> SAS | I256: South Asian Ancestry | J256: ITU | K256: 1000 Genomes 30x on GRCh38,Human Genome Structural Variation Consortium, Phase 2,Human Genome Structural Variation Consortium, Phase 3
A257: HG04229 | B257: male | C257: SAME1839165 | D257: STU | E257: Tamil | F257: SAS | G257: =IF(F257=H257,1,0) -> 1 | H257: =VLOOKUP(J257,Sheet3!I:J,2,0) -> SAS | I257: South Asian Ancestry | J257: STU | K257: 1000 Genomes on GRCh38,1000 Genomes 30x on GRCh38,1000 Genomes phase 3 release
A258: HG04301 | B258: female | C258: SAME1839070 | D258: GBR | E258: British | F258: EUR | G258: =IF(F258=H258,1,0) -> 1 | H258: =VLOOKUP(J258,Sheet3!I:J,2,0) -> EUR | I258: European Ancestry | J258: GBR | K258: 1000 Genomes on GRCh38
A259: NA06985 | B259: female | C259: SAME124762 | D259: CEU | E259: CEPH | F259: EUR | G259: =IF(F259=H259,1,0) -> 1 | H259: =VLOOKUP(J259,Sheet3!I:J,2,0) -> EUR | I259: European Ancestry | J259: CEU | K259: 1000 Genomes on GRCh38,1000 Genomes 30x on GRCh38,MAGE RNA-seq,1000 Genomes phase 3 release,1000 Genomes phase 1 release,Geuvadis
A260: NA06997 | B260: female | C260: SAME124930 | D260: CEU | E260: CEPH | F260: EUR | G260: =IF(F260=H260,1,0) -> 1 | H260: =VLOOKUP(J260,Sheet3!I:J,2,0) -> EUR | I260: European Ancestry | J260: CEU | K260: 1000 Genomes 30x on GRCh38,1000 Genomes phase 3 release
A261: NA07022 | B261: male | C261: SAME125336 | D261: CEU | E261: CEPH | F261: EUR | G261: =IF(F261=H261,1,0) -> 1 | H261: =VLOOKUP(J261,Sheet3!I:J,2,0) -> EUR | I261: European Ancestry | J261: CEU | K261: 1000 Genomes 30x on GRCh38,1000 Genomes phase 3 release
A262: NA07034 | B262: male | C262: SAME122863 | D262: CEU | E262: CEPH | F262: EUR | G262: =IF(F262=H262,1,0) -> 1 | H262: =VLOOKUP(J262,Sheet3!I:J,2,0) -> EUR | I262: European Ancestry | J262: CEU | K262: 1000 Genomes 30x on GRCh38,1000 Genomes phase 3 release
A263: NA07349 | B263: male | C263: SAME123568 | D263: CEU | E263: CEPH | F263: EUR | G263: =IF(F263=H263,1,0) -> 1 | H263: =VLOOKUP(J263,Sheet3!I:J,2,0) -> EUR | I263: European Ancestry | J263: CEU | K263: 1000 Genomes 30x on GRCh38,1000 Genomes phase 3 release
A264: NA10830 | B264: male | C264: SAME124548 | D264: CEU | E264: CEPH | F264: EUR | G264: =IF(F264=H264,1,0) -> 1 | H264: =VLOOKUP(J264,Sheet3!I:J,2,0) -> EUR | I264: European Ancestry | J264: CEU | K264: 1000 Genomes 30x on GRCh38,1000 Genomes phase 3 release
A265: NA10835 | B265: male | C265: SAME124547 | D265: CEU | E265: CEPH | F265: EUR | G265: =IF(F265=H265,1,0) -> 1 | H265: =VLOOKUP(J265,Sheet3!I:J,2,0) -> EUR | I265: European Ancestry | J265: CEU | K265: 1000 Genomes 30x on GRCh38,1KG_ONT_VIENNA,1000 Genomes phase 3 release
... A269: HG03372 | B269: female | C269: SAME1839716 | D269: ESN | E269: Esan | F269: AFR | G269: =IF(F269=H269,1,0) -> 1 | H269: =VLOOKUP(J269,Sheet3!I:J,2,0) -> AFR | I269: African Ancestry | J269: ESN | K269: 1000 Genomes on GRCh38,1000 Genomes 30x on GRCh38,1KG_ONT_VIENNA,MAGE RNA-seq,Human Pangenome Reference Consortium, Phase 2,1000 Genomes phase 3 release
A270: HG03384 | B270: female | C270: SAME1839587 | D270: MSL | E270: Mende | F270: AFR | G270: =IF(F270=H270,1,0) -> 1 | H270: =VLOOKUP(J270,Sheet3!I:J,2,0) -> AFR | I270: African Ancestry | J270: MSL
A271: HG03391 | B271: male | C271: SAME1839636 | D271: MSL | E271: Mende | F271: AFR | G271: =IF(F271=H271,1,0) -> 1 | H271: =VLOOKUP(J271,Sheet3!I:J,2,0) -> AFR | I271: African Ancestry | J271: MSL | K271: 1000 Genomes on GRCh38,1000 Genomes 30x on GRCh38,1KG_ONT_VIENNA,1000 Genomes phase 3 release
...

Sheet Sheet2
A1: Superpopulation name | B1: Population elastic ID
A2: European Ancestry | B2: GBR
A3: European Ancestry | B3: GBR
A4: European Ancestry | B4: FIN
A5: European Ancestry | B5: FIN
A6: European Ancestry | B6: FIN
A7: European Ancestry | B7: FIN
A8: European Ancestry,West Eurasia (SGDP) | B8: FIN,FinnishSGDP
A9: European Ancestry | B9: GBR
A10: European Ancestry | B10: GBR
A11: European Ancestry | B11: GBR
A12: European Ancestry | B12: GBR
... A4990: African Ancestry | B4990: YRI

Sheet Sheet3
B1: Superpopulation name | C1: Population elastic ID | H1: Superpopulation name | I1: Population elastic ID | J1: Superpopulation Code
B2: European Ancestry | C2: GBR | G2: =IF(C2=I2,1,0) -> 0 | H2: Africa (HGDP) | I2: MbutiHGDP | J2: AFR
B3: European Ancestry | C3: FIN | G3: =IF(C3=I3,1,0) -> 0 | H3: Africa (HGDP) | I3: BiakaHGDP | J3: AFR
B4: European Ancestry,West Eurasia (SGDP) | C4: FIN,FinnishSGDP | G4: =IF(C4=I4,1,0) -> 0 | H4: Africa (HGDP) | I4: MandenkaHGDP | J4: AFR
B5: East Asian Ancestry | C5: CHS | G5: =IF(C5=I5,1,0) -> 0 | H5: Africa (HGDP) | I5: YorubaHGDP | J5: AFR
B6: European Ancestry,West Eurasia (SGDP) | C6: GBR,EnglishSGDP | G6: =IF(C6=I6,1,0) -> 0 | H6: Africa (HGDP) | I6: BantuSouthAfricaHGDP | J6: AFR
B7: American Ancestry | C7: PUR | G7: =IF(C7=I7,1,0) -> 0 | H7: Africa (HGDP) | I7: BantuKenyaHGDP | J7: AFR
B8: European Ancestry | C8: IBS | G8: =IF(C8=I8,1,0) -> 0 | H8: Africa (HGDP) | I8: SanHGDP | J8: AFR
B9: American Ancestry | C9: PEL | G9: =IF(C9=I9,1,0) -> 0 | H9: Africa (SGDP) | I9: Masai | J9: AFR
B10: East Asian Ancestry | C10: KHV | G10: =IF(C10=I10,1,0) -> 0 | H10: Africa (SGDP) | I10: BantuHereroSGDP | J10: AFR
B11: East Asia (SGDP),East Asian Ancestry | C11: KinhSGDP,KHV | G11: =IF(C11=I11,1,0) -> 0 | H11: Africa (SGDP) | I11: KhomaniSanSGDP | J11: AFR
B12: African Ancestry | C12: ACB | G12: =IF(C12=I12,1,0) -> 0 | H12: Africa (SGDP) | I12: SaharawiSGDP | J12: AFR
B13: East Asian Ancestry | C13: CDX | G13: =IF(C13=I13,1,0) -> 0 | H13: Africa (SGDP) | I13: YorubaSGDP | J13: AFR
... B221: West Eurasia (SGDP) | C221: NorwegianSGDP | G221: =IF(C221=I221,1,0) -> 1 | H221: West Eurasia (SGDP) | I221: NorwegianSGDP | J221: EUR

Sheet Sheet4
A1: AFR Africa | B1: 19 populations groups | E1: https://www.genome.dating/ancestry/B_Han-3
B2: Bantu Herero | C2: 2
B3: Bantu Kenya | C3: 2
B4: Bantu Tswana | C4: 2
B5: Biaka | C5: 2
B6: Dinka | C6: 3
B7: Esan | C7: 2
B8: Gambian | C8: 2
B9: Ju-hoan North | C9: 4
B10: Khomani San | C10: 2
B11: Luhya | C11: 2
B12: Luo | C12: 2
B13: Masai | C13: 2
... B20: Yoruba | C20: 3
A21: AMR America | B21: 10 populations groups
B22: Chane | C22: 1
B23: Karitiana | C23: 3
B24: Mayan | C24: 2
B25: Mixe | C25: 3
B26: Mixtec | C26: 2
B27: Piapoco | C27: 2
B28: Pima | C28: 2
B29: Quechua | C29: 3
B30: Surui | C30: 2
B31: Zapotec | C31: 2
A32: CAS Central Asia Siberia | B32: 15 populations groups
B33: Aleut | C33: 2
B34: Altaian | C34: 1
B35: Chukchi | C35: 1
B36: Eskimo Chaplin | C36: 1
B37: Eskimo Naukan | C37: 2
B38: Eskimo Sireniki | C38: 2
B39: Even | C39: 3
B40: Itelman | C40: 1
B41: Kyrgyz | C41: 2
B42: Mansi | C42: 2
B43: Mongola | C43: 2
B44: Tubalar | C44: 2
... B47: Yakut | C47: 2
A48: EAS East Asia | B48: 22 populations groups
B49: Ami | C49: 2
B50: Atayal | C50: 1
B51: Burmese | C51: 2
B52: Cambodian | C52: 2
B53: Dai | C53: 4
B54: Daur | C54: 1
B55: Han | C55: 3
B56: Hezhen | C56: 2
B57: Japanese | C57: 3
B58: Kinh | C58: 2
B59: Korean | C59: 2
B60: Lahu | C60: 2
... B70: Yi | C70: 2
A71: OCN Oceania | B71: 7 populations groups
B72: Australian | C72: 2
B73: Bougainville | C73: 2
B74: Dusun | C74: 2
B75: Hawaiian | C75: 1
B76: Igorot | C76: 2
B77: Maori | C77: 1
B78: Papuan | C78: 15
A79: SAS South Asia | B79: 19 populations groups
B80: Balochi | C80: 1
B81: Bengali | C81: 2
B82: Brahmin | C82: 2
B83: Brahui | C83: 2
B84: Burusho | C84: 2
B85: Hazara | C85: 2
B86: Irula | C86: 2
B87: Kalash | C87: 2
B88: Kapu | C88: 2
B89: Khonda Dora | C89: 1
B90: Kusunda | C90: 2
B91: Madiga | C91: 2
... B98: Yadava | C98: 2
A99: WEA West Eurasia | B99: 38 populations groups
B100: Abkhasian | C100: 2
B101: Adygei | C101: 2
B102: Albanian | C102: 1
B103: Armenian | C103: 2
B104: Bedouin | C104: 2
B105: Bergamo | C105: 2
B106: Basque | C106: 2
B107: Bulgarian | C107: 2
B108: Chechen | C108: 1
B109: Crete | C109: 2
B110: Czech | C110: 1
B111: Druze | C111: 2
... B137: Yemenite Jew | C137: 2
