Workbook

Sheet Tabelle1
A1: #Sequencing_Panel | B1: Illumina_ID | C1: Sample_ID | D1: Sample_ID(Aliases) | E1: SGDP_ID | F1: Population_ID | G1: Region | H1: Country | I1: Town | J1: Contributor | K1: Gender | L1: Latitude | M1: Longitude | N1: DNA_Source | O1: Embargo | P1: SGDP-lite category: X=FullyPublic | Q1: BiosampleID
A2: B | B2: SS6004478 | C2: IHW9118 | D2: IHW9118 | E2: B_Australian-3 | F2: Australian | G2: Oceania | H2: Australia | I2: Cell_line_repository_sampling_location_unknown | J2: ECCAC | K2: U | L2: -13 | M2: 143 | N2: Genomic_from_cell_lines | O2: FullyPublic | P2: X | Q2: =VLOOKUP(B2,Tabelle2!C:S,17,0) -> 0
A3: B | B3: SS6004477 | C3: IHW9193 | D3: IHW9193 | E3: B_Australian-4 | F3: Australian | G3: Oceania | H3: Australia | I3: Cell_line_repository_sampling_location_unknown | J3: ECCAC | K3: M | L3: -13 | M3: 143 | N3: Genomic_from_cell_lines | O3: FullyPublic | P3: X | Q3: =VLOOKUP(B3,Tabelle2!C:S,17,0) -> 0
A4: B | B4: LP6007069-DNA_A01 | C4: AV-21 | D4: AV-21 | E4: B_Crete-1 | F4: Crete | G4: WestEurasia | H4: Greece | I4: Preveliana | Q4: =VLOOKUP(B4,Tabelle2!C:S,17,0) -> 0
A5: B | B5: LP6007068-DNA_A01 | C5: TZ-11 | D5: TZ-11 | E5: B_Crete-2 | F5: Crete | G5: WestEurasia | H5: Greece | I5: Psychro | Q5: =VLOOKUP(B5,Tabelle2!C:S,17,0) -> 0
A6: B | B6: SS6004467 | C6: HGDP01308 | D6: HGDP01308 | E6: B_Dai-4 | F6: Dai | G6: EastAsia | H6: China | I6: ? | J6: Howard Cann | K6: M | L6: 21 | M6: 100 | N6: Genomic_from_cell_lines | O6: FullyPublic | P6: X | Q6: =VLOOKUP(B6,Tabelle2!C:S,17,0) -> 0
A7: B | B7: SS6004480 | C7: DNK07 | D7: DNK07 | E7: B_Dinka-3 | F7: Dinka | G7: Africa | H7: Sudan | I7: Aweil | J7: Michael Hammer | K7: M | L7: 8.7833333 | M7: 27.4 | N7: Genomic_from_saliva | O7: FullyPublic | P7: X | Q7: =VLOOKUP(B7,Tabelle2!C:S,17,0) -> 0
A8: B | B8: SS6004468 | C8: HGDP00533 | D8: HGDP00533 | E8: B_French-3 | F8: French | G8: WestEurasia | H8: France | I8: ? | J8: Howard Cann | K8: M | L8: 46 | M8: 2 | N8: Genomic_from_cell_lines | O8: FullyPublic | P8: X | Q8: =VLOOKUP(B8,Tabelle2!C:S,17,0) -> 0
A9: B | B9: SS6004469 | C9: HGDP00775 | D9: HGDP00775 | E9: B_Han-3 | F9: Han | G9: EastAsia | H9: China | I9: ? | J9: Howard Cann | K9: M | L9: 32.265668 | M9: 114 | N9: Genomic_from_cell_lines | O9: FullyPublic | P9: X | Q9: =VLOOKUP(B9,Tabelle2!C:S,17,0) -> 0
A10: B | B10: SS6004473 | C10: HGDP01036 | D10: HGDP01036 | E10: B_Ju_hoan_North-4 | F10: Ju_hoan_North | G10: Africa | H10: Namibia | I10: ? | J10: Howard Cann | K10: M | L10: -18.937257 | M10: 21.452448 | N10: Genomic_from_cell_lines | O10: FullyPublic | P10: X | Q10: =VLOOKUP(B10,Tabelle2!C:S,17,0) -> 0
A11: B | B11: SS6004476 | C11: HGDP01015 | D11: HGDP01015 | E11: B_Karitiana-3 | F11: Karitiana | G11: America | H11: Brazil | I11: ? | J11: Howard Cann | K11: M | L11: -10 | M11: -63 | N11: Genomic_from_cell_lines | O11: FullyPublic | P11: X | Q11: =VLOOKUP(B11,Tabelle2!C:S,17,0) -> 0
A12: B | B12: SS6004470 | C12: HGDP01286 | D12: HGDP01286 | E12: B_Mandenka-3 | F12: Mandenka | G12: Africa | H12: Senegal | I12: ? | J12: Howard Cann | K12: M | L12: 12 | M12: -12 | N12: Genomic_from_cell_lines | O12: FullyPublic | P12: X | Q12: =VLOOKUP(B12,Tabelle2!C:S,17,0) -> 0
A13: B | B13: SS6004471 | C13: HGDP00982 | D13: HGDP00982 | E13: B_Mbuti-4 | F13: Mbuti | G13: Africa | H13: Congo | I13: ? | J13: Howard Cann | K13: M | L13: 1 | M13: 29 | N13: Genomic_from_cell_lines | O13: FullyPublic | P13: X | Q13: =VLOOKUP(B13,Tabelle2!C:S,17,0) -> 0
A14: B | B14: SS6004479 | C14: mixe0007 | D14: mixe0007 | E14: B_Mixe-1 | F14: Mixe | G14: America | H14: Mexico | I14: Tmazulapan | Q14: =VLOOKUP(B14,Tabelle2!C:S,17,0) -> 0
A15: B | B15: SS6004472 | C15: HGDP00546 | D15: HGDP00546 | E15: B_Papuan-15 | F15: Papuan | G15: Oceania | H15: PapuaNewGuinea | I15: ? | J15: Howard Cann | K15: M | L15: -4 | M15: 143 | N15: Genomic_from_cell_lines | O15: FullyPublic | P15: X | Q15: =VLOOKUP(B15,Tabelle2!C:S,17,0) -> 0
A16: B | B16: SS6004474 | C16: HGDP01076 | D16: HGDP01076 | E16: B_Sardinian-3 | F16: Sardinian | G16: WestEurasia | H16: Italy | I16: ? | J16: Howard Cann | K16: M | L16: 40 | M16: 9 | N16: Genomic_from_cell_lines | O16: FullyPublic | P16: X | Q16: =VLOOKUP(B16,Tabelle2!C:S,17,0) -> 0
A17: B | B17: SS6004475 | C17: HGDP00936 | D17: HGDP00936 | E17: B_Yoruba-3 | F17: Yoruba | G17: Africa | H17: Nigeria | I17: ? | J17: Howard Cann | K17: M | L17: 7.4 | M17: 3.9 | N17: Genomic_from_cell_lines | O17: FullyPublic | P17: X | Q17: =VLOOKUP(B17,Tabelle2!C:S,17,0) -> 0
A18: C | B18: LP6005677-DNA_B01 | C18: ALB212 | D18: ALB212 | E18: S_Albanian-1 | F18: Albanian | G18: WestEurasia | H18: Albania | I18: Tirana | J18: David Comas | K18: F | L18: 41.3 | M18: 19.8 | N18: Genomic_from_blood | O18: FullyPublic | P18: X | Q18: =VLOOKUP(B18,Tabelle2!C:S,17,0) -> 0
A19: C | B19: LP6005442-DNA_F02 | C19: altai363p | D19: altai363p | E19: S_Altaian-1 | F19: Altaian | G19: CentralAsiaSiberia | H19: Russia | I19: Tenga | Q19: =VLOOKUP(B19,Tabelle2!C:S,17,0) -> 0
A20: C | B20: LP6005442-DNA_E07 | C20: NA13604 | D20: NA13604 | E20: S_Atayal-1 | F20: Atayal | G20: EastAsia | H20: Taiwan | I20: Cell_line_repository_sampling_location_unknown | J20: Coriell | K20: M | L20: 24.611712 | M20: 121.29644 | N20: Genomic_from_cell_lines | O20: FullyPublic | P20: X | Q20: =VLOOKUP(B20,Tabelle2!C:S,17,0) -> 0
A21: C | B21: LP6005519-DNA_D01 | C21: TGBS21 | D21: TGBS21 | E21: S_Chane-1 | F21: Chane | G21: America | H21: Argentina | I21: Salta (province) | Q21: =VLOOKUP(B21,Tabelle2!C:S,17,0) -> 0
A22: C | B22: LP6005442-DNA_D03 | C22: ch113 | D22: ch113 | E22: S_Chechen-1 | F22: Chechen | G22: WestEurasia | H22: Russia | I22: Grozny_in_Chechen_Republic | J22: Mait Metspalu / Elza Khusnutdinova / Rita Khusainova | K22: M | L22: 43.333 | M22: 45.65 | N22: Genomic_from_blood | O22: FullyPublic | P22: X | Q22: =VLOOKUP(B22,Tabelle2!C:S,17,0) -> 0
A23: C | B23: LP6005443-DNA_C03 | C23: Sir19 | D23: Sir19 | E23: S_Chukchi-1 | F23: Chukchi | G23: CentralAsiaSiberia | H23: Russia | I23: Sireniki | Q23: =VLOOKUP(B23,Tabelle2!C:S,17,0) -> 0
A24: C | B24: LP6005443-DNA_H05 | C24: NA15728 | D24: NA15728 | E24: S_Czech-2 | F24: Czech | G24: WestEurasia | H24: Czechoslovia(pre1989) | I24: Cell_line_repository_sampling_location_unknown | J24: Coriell | K24: M | L24: 50.1 | M24: 14.4 | N24: Genomic_from_cell_lines | O24: FullyPublic | P24: X | Q24: =VLOOKUP(B24,Tabelle2!C:S,17,0) -> 0
A25: C | B25: LP6005443-DNA_D03 | C25: Esk29 | D25: Esk29 | E25: S_Eskimo_Chaplin-1 | F25: Eskimo_Chaplin | G25: CentralAsiaSiberia | H25: Russia | I25: New Chaplino | Q25: =VLOOKUP(B25,Tabelle2!C:S,17,0) -> 0
A26: C | B26: LP6005592-DNA_H03 | C26: NA17385 | D26: NA17385 | E26: S_Hawaiian-1 | F26: Hawaiian | G26: Oceania | H26: USA | I26: Cell_line_repository_sampling_location_unknown | J26: Coriell | K26: M | L26: 21.3 | M26: -157.8 | N26: Genomic_from_cell_lines | O26: FullyPublic | P26: X | Q26: =VLOOKUP(B26,Tabelle2!C:S,17,0) -> 0
A27: C | B27: LP6005443-DNA_D04 | C27: Kor82 | D27: Kor82 | E27: S_Itelman-1 | F27: Itelman | G27: CentralAsiaSiberia | H27: Russia | I27: Kovran | Q27: =VLOOKUP(B27,Tabelle2!C:S,17,0) -> 0
A28: C | B28: LP6005519-DNA_E05 | C28: KD4 | D28: KD4 | E28: S_Khonda_Dora-1 | F28: Khonda_Dora | G28: SouthAsia | H28: India | I28: ? | J28: Lynn Jorde / Mike Bamshad / Scott Watkins | K28: M | L28: 18.3 | M28: 82.9 | N28: Genomic_from_blood | O28: FullyPublic | P28: X | Q28: =VLOOKUP(B28,Tabelle2!C:S,17,0) -> 0
A29: C | B29: LP6005592-DNA_B02 | C29: NA17386 | D29: NA17386 | E29: S_Maori-1 | F29: Maori | G29: Oceania | H29: New Zealand | I29: Cell_line_repository_sampling_location_unknown | J29: Coriell | K29: M | L29: -41.3 | M29: 174.5 | N29: Genomic_from_cell_lines | O29: FullyPublic | P29: X | Q29: =VLOOKUP(B29,Tabelle2!C:S,17,0) -> 0
A30: C | B30: LP6005592-DNA_B01 | C30: NOR111 | D30: NOR111 | E30: S_Norwegian-1 | F30: Norwegian | G30: WestEurasia | H30: Norway | I30: Bergen | J30: Cristian Capelli / Tor Hervig | K30: U | L30: 60.4 | M30: 5.4 | N30: Genomic_from_blood | O30: FullyPublic | P30: X | Q30: =VLOOKUP(B30,Tabelle2!C:S,17,0) -> 0
A31: C | B31: LP6005592-DNA_E02 | C31: ND15865 | D31: ND15865 | E31: S_Polish-1 | F31: Polish | G31: WestEurasia | H31: Poland | I31: Cell_line_repository_sampling_location_unknown | J31: Coriell | K31: M | L31: 52.2 | M31: 21 | N31: Genomic_from_cell_lines | O31: FullyPublic | P31: X | Q31: =VLOOKUP(B31,Tabelle2!C:S,17,0) -> 0
A32: C | B32: LP6005592-DNA_D04 | C32: Sam02 | D32: Sam02 | E32: S_Samaritan-1 | F32: Samaritan | G32: WestEurasia | H32: Israel | I32: Mount Gerizim | J32: Mait Metspalu / Doron Behar | K32: M | L32: 32.203 | M32: 35.27 | N32: Genomic_from_blood | O32: FullyPublic | P32: X | Q32: =VLOOKUP(B32,Tabelle2!C:S,17,0) -> 0
A33: C | B33: LP6005442-DNA_D09 | C33: Ayodo_81S | D33: Ayodo_81S | E33: S_Somali-1 | F33: Somali | G33: Africa | H33: Kenya | I33: Garissa | J33: Geoge Ayodo | K33: F | L33: 5.6 | M33: 48.3 | N33: Genomic_from_blood | O33: FullyPublic | P33: X | Q33: =VLOOKUP(B33,Tabelle2!C:S,17,0) -> 0
A34: C | B34: LP6005442-DNA_G02 | C34: armenia293 | D34: armenia293 | E34: S_Armenian-1 | F34: Armenian | G34: WestEurasia | H34: Armenia | I34: Yerevan but all 4 ancestorscome from Nagorno Kharabakh | J34: Mait Metspalu/ Levon Yepiskoposyan / Hovhannes Sahakyan | K34: M | L34: 39.815 | M34: 46.752 | N34: Genomic_from_blood | O34: FullyPublic | P34: X | Q34: =VLOOKUP(B34,Tabelle2!C:S,17,0) -> 0
A35: C | B35: LP6005519-DNA_F03 | C35: Armenian222 | D35: Armenian222 | E35: S_Armenian-2 | F35: Armenian | G35: WestEurasia | H35: Armenia | I35: born in Akhuzyan but all 4 ancestors come from Kars - now Turkey | J35: Mait Metspalu/ Levon Yepiskoposyan / Hovhannes Sahakyan | K35: M | L35: 40.605 | M35: 43.101 | N35: Genomic_from_blood | O35: FullyPublic | P35: X | Q35: =VLOOKUP(B35,Tabelle2!C:S,17,0) -> 0
A36: C | B36: LP6005441-DNA_D01 | C36: HGDP00090 | D36: HGDP00090 | E36: S_Balochi-1 | F36: Balochi | G36: SouthAsia | H36: Pakistan | I36: ? | J36: Howard Cann | K36: M | L36: 30.5 | M36: 66.5 | N36: Genomic_from_cell_lines | O36: FullyPublic | P36: X | Q36: =VLOOKUP(B36,Tabelle2!C:S,17,0) -> 0
A37: C | B37: LP6005441-DNA_C01 | C37: HGDP00058 | D37: HGDP00058 | E37: S_Balochi-2 | F37: Balochi | G37: SouthAsia | H37: Pakistan | I37: ? | J37: Howard Cann | K37: M | L37: 30.498715 | M37: 66.5 | N37: Genomic_from_cell_lines | O37: FullyPublic | P37: X | Q37: =VLOOKUP(B37,Tabelle2!C:S,17,0) -> 0
A38: C | B38: LP6005441-DNA_A06 | C38: HGDP01153 | D38: HGDP01153 | E38: S_Bergamo-1 | F38: Bergamo | G38: WestEurasia | H38: Italy(Bergamo) | I38: ? | J38: Howard Cann | K38: M | L38: 46 | M38: 10 | N38: Genomic_from_cell_lines | O38: FullyPublic | P38: X | Q38: =VLOOKUP(B38,Tabelle2!C:S,17,0) -> 0
A39: C | B39: LP6005441-DNA_B06 | C39: HGDP01172 | D39: HGDP01172 | E39: S_Bergamo-2 | F39: Bergamo | G39: WestEurasia | H39: Italy(Bergamo) | I39: ? | J39: Howard Cann | K39: F | L39: 46 | M39: 10 | N39: Genomic_from_cell_lines | O39: FullyPublic | P39: X | Q39: =VLOOKUP(B39,Tabelle2!C:S,17,0) -> 0
... A59: C | B59: LP6005441-DNA_B01 | C59: HGDP01401 | D59: HGDP01401 | E59: S_Adygei-2 | F59: Adygei | G59: WestEurasia | H59: Russia(Caucasus) | I59: Krasnodar | J59: Howard Cann | K59: F | L59: 44 | M59: 39 | N59: Genomic_from_cell_lines | O59: FullyPublic | P59: X | Q59: =VLOOKUP(B59,Tabelle2!C:S,17,0) -> 0
A60: C | B60: LP6005443-DNA_A03 | C60: Ale22 | D60: Ale22 | E60: S_Aleut-1 | F60: Aleut | G60: CentralAsiaSiberia | H60: Russia | I60: Nikolskoye | Q60: =VLOOKUP(B60,Tabelle2!C:S,17,0) -> 0
A61: C | B61: LP6005443-DNA_H02 | C61: Ale20 | D61: Ale20 | E61: S_Aleut-2 | F61: Aleut | G61: CentralAsiaSiberia | H61: Russia | I61: Nikolskoye | Q61: =VLOOKUP(B61,Tabelle2!C:S,17,0) -> 0
A62: C | B62: LP6005442-DNA_C07 | C62: NA13607 | D62: NA13607 | E62: S_Ami-1 | F62: Ami | G62: EastAsia | H62: Taiwan | I62: Cell_line_repository_sampling_location_unknown | J62: Coriell | K62: M | L62: 22.843145 | M62: 121.18536 | N62: Genomic_from_cell_lines | O62: FullyPublic | P62: X | Q62: =VLOOKUP(B62,Tabelle2!C:S,17,0) -> 0
A63: C | B63: LP6005443-DNA_G05 | C63: NA13616 | D63: NA13616 | E63: S_Ami-2 | F63: Ami | G63: EastAsia | H63: Taiwan | I63: Cell_line_repository_sampling_location_unknown | J63: Coriell | K63: M | L63: 22.843145 | M63: 121.18536 | N63: Genomic_from_cell_lines | O63: FullyPublic | P63: X | Q63: =VLOOKUP(B63,Tabelle2!C:S,17,0) -> 0
A64: C | B64: LP6005443-DNA_E02 | C64: HGDP01028 | D64: HGDP01028 | E64: S_BantuHerero-1 | F64: BantuHerero | G64: Africa | H64: BotswanaOrNamibia | I64: ? | J64: Howard Cann | K64: M | L64: -22 | M64: 19 | N64: Genomic_from_cell_lines | O64: FullyPublic | P64: X | Q64: =VLOOKUP(B64,Tabelle2!C:S,17,0) -> 0
A65: C | B65: LP6005441-DNA_F01 | C65: HGDP01035 | D65: HGDP01035 | E65: S_BantuHerero-2 | F65: BantuHerero | G65: Africa | H65: BotswanaOrNamibia | I65: ? | J65: Howard Cann | K65: M | L65: -22 | M65: 19 | N65: Genomic_from_cell_lines | O65: FullyPublic | P65: X | Q65: =VLOOKUP(B65,Tabelle2!C:S,17,0) -> 0
A66: C | B66: LP6005443-DNA_A01 | C66: HGDP01417 | D66: HGDP01417 | E66: S_BantuKenya-1 | F66: BantuKenya | G66: Africa | H66: Kenya | I66: ? | J66: Howard Cann | K66: M | L66: -3 | M66: 37 | N66: Genomic_from_cell_lines | O66: FullyPublic | P66: X | Q66: =VLOOKUP(B66,Tabelle2!C:S,17,0) -> 0
A67: C | B67: LP6005441-DNA_B02 | C67: HGDP01414 | D67: HGDP01414 | E67: S_BantuKenya-2 | F67: BantuKenya | G67: Africa | H67: Kenya | I67: ? | J67: Howard Cann | K67: F | L67: -3 | M67: 37 | N67: Genomic_from_cell_lines | O67: FullyPublic | P67: X | Q67: =VLOOKUP(B67,Tabelle2!C:S,17,0) -> 0
A68: C | B68: LP6005443-DNA_G02 | C68: HGDP01030 | D68: HGDP01030 | E68: S_BantuTswana-1 | F68: BantuTswana | G68: Africa | H68: BotswanaOrNamibia | I68: ? | J68: Howard Cann | K68: M | L68: -28 | M68: 24 | N68: Genomic_from_cell_lines | O68: FullyPublic | P68: X | Q68: =VLOOKUP(B68,Tabelle2!C:S,17,0) -> 0
A69: C | B69: LP6005443-DNA_F02 | C69: HGDP01034 | D69: HGDP01034 | E69: S_BantuTswana-2 | F69: BantuTswana | G69: Africa | H69: BotswanaOrNamibia | I69: ? | J69: Howard Cann | K69: M | L69: -28 | M69: 24 | N69: Genomic_from_cell_lines | O69: FullyPublic | P69: X | Q69: =VLOOKUP(B69,Tabelle2!C:S,17,0) -> 0
A70: C | B70: LP6005441-DNA_C02 | C70: HGDP01364 | D70: HGDP01364 | E70: S_Basque-1 | F70: Basque | G70: WestEurasia | H70: France | I70: ? | J70: Howard Cann | K70: M | L70: 43 | M70: 0 | N70: Genomic_from_cell_lines | O70: FullyPublic | P70: X | Q70: =VLOOKUP(B70,Tabelle2!C:S,17,0) -> 0
A71: C | B71: LP6005441-DNA_D02 | C71: HGDP01365 | D71: HGDP01365 | E71: S_Basque-2 | F71: Basque | G71: WestEurasia | H71: France | I71: ? | J71: Howard Cann | K71: F | L71: 43 | M71: 0 | N71: Genomic_from_cell_lines | O71: FullyPublic | P71: X | Q71: =VLOOKUP(B71,Tabelle2!C:S,17,0) -> 0
A72: C | B72: LP6005441-DNA_E02 | C72: HGDP00616 | D72: HGDP00616 | E72: S_BedouinB-1 | F72: BedouinB | G72: WestEurasia | H72: Israel(Negev) | I72: ? | J72: Howard Cann | K72: M | L72: 31 | M72: 35 | N72: Genomic_from_cell_lines | O72: FullyPublic | P72: X | Q72: =VLOOKUP(B72,Tabelle2!C:S,17,0) -> 0
A73: C | B73: LP6005441-DNA_F02 | C73: HGDP00650 | D73: HGDP00650 | E73: S_BedouinB-2 | F73: BedouinB | G73: WestEurasia | H73: Israel(Negev) | I73: ? | J73: Howard Cann | K73: F | L73: 31 | M73: 35 | N73: Genomic_from_cell_lines | O73: FullyPublic | P73: X | Q73: =VLOOKUP(B73,Tabelle2!C:S,17,0) -> 0
... A96: C | B96: LP6005519-DNA_F06 | C96: Dus22 | D96: Dus22 | E96: S_Dusun-1 | F96: Dusun | G96: Oceania | H96: Brunei | I96: Tutong District | J96: Toomas Kivisild / M. Syafiq Abdullah | K96: F | L96: 4.7 | M96: 114.7 | N96: Genomic_from_saliva | O96: FullyPublic | P96: X | Q96: =VLOOKUP(B96,Tabelle2!C:S,17,0) -> 0
A97: C | B97: LP6005519-DNA_E06 | C97: Dus16 | D97: Dus16 | E97: S_Dusun-2 | F97: Dusun | G97: Oceania | H97: Brunei | I97: Lamunin | Q97: =VLOOKUP(B97,Tabelle2!C:S,17,0) -> 0
A98: C | B98: LP6005442-DNA_E10 | C98: HG00126 | D98: HG00126 | E98: S_English-1 | F98: English | G98: WestEurasia | H98: England | I98: Kent | J98: 1KG | K98: M | L98: 51.2 | M98: 0.7 | N98: Genomic_from_cell_lines | O98: FullyPublic | P98: X | Q98: =VLOOKUP(B98,Tabelle2!C:S,17,0) -> 0
A99: C | B99: LP6005442-DNA_F10 | C99: HG00128 | D99: HG00128 | E99: S_English-2 | F99: English | G99: WestEurasia | H99: England | I99: Kent | J99: 1KG | K99: F | L99: 51.2 | M99: 0.7 | N99: Genomic_from_cell_lines | O99: FullyPublic | P99: X | Q99: =VLOOKUP(B99,Tabelle2!C:S,17,0) -> 0
A100: C | B100: LP6005442-DNA_A10 | C100: HG03100 | D100: HG03100 | E100: S_Esan-1 | F100: Esan | G100: Africa | H100: Nigeria | I100: ? | J100: 1KG | K100: M | L100: 6.5 | M100: 6 | N100: Genomic_from_cell_lines | O100: FullyPublic | P100: X | Q100: =VLOOKUP(B100,Tabelle2!C:S,17,0) -> 0
A101: C | B101: LP6005442-DNA_B10 | C101: HG02943 | D101: HG02943 | E101: S_Esan-2 | F101: Esan | G101: Africa | H101: Nigeria | I101: ? | J101: 1KG | K101: F | L101: 6.5 | M101: 6 | N101: Genomic_from_cell_lines | O101: FullyPublic | P101: X | Q101: =VLOOKUP(B101,Tabelle2!C:S,17,0) -> 0
A102: C | B102: LP6005443-DNA_F03 | C102: Nesk_22 | D102: Nesk_22 | E102: S_Eskimo_Naukan-1 | F102: Eskimo_Naukan | G102: CentralAsiaSiberia | H102: Russia | I102: Naukan | Q102: =VLOOKUP(B102,Tabelle2!C:S,17,0) -> 0
A103: C | B103: LP6005443-DNA_G03 | C103: Nesk_25 | D103: Nesk_25 | E103: S_Eskimo_Naukan-2 | F103: Eskimo_Naukan | G103: CentralAsiaSiberia | H103: Russia | I103: Big Diomide Island | Q103: =VLOOKUP(B103,Tabelle2!C:S,17,0) -> 0
A104: C | B104: LP6005443-DNA_B03 | C104: Sir26 | D104: Sir26 | E104: S_Eskimo_Sireniki-1 | F104: Eskimo_Sireniki | G104: CentralAsiaSiberia | H104: Russia | I104: Sireniki | Q104: =VLOOKUP(B104,Tabelle2!C:S,17,0) -> 0
A105: C | B105: LP6005443-DNA_H03 | C105: Sir40 | D105: Sir40 | E105: S_Eskimo_Sireniki-2 | F105: Eskimo_Sireniki | G105: CentralAsiaSiberia | H105: Russia | I105: Sireniki | Q105: =VLOOKUP(B105,Tabelle2!C:S,17,0) -> 0
A106: C | B106: LP6005442-DNA_H03 | C106: Est375 | D106: Est375 | E106: S_Estonian-1 | F106: Estonian | G106: WestEurasia | H106: Estonia | I106: Parnu | J106: Mait Metspalu / Ene Metspalu / Richard Villems / J ri Parik | K106: M | L106: 58.386 | M106: 24.502 | N106: Genomic_from_blood | O106: FullyPublic | P106: X | Q106: =VLOOKUP(B106,Tabelle2!C:S,17,0) -> 0
A107: C | B107: LP6005442-DNA_G03 | C107: Est400 | D107: Est400 | E107: S_Estonian-2 | F107: Estonian | G107: WestEurasia | H107: Estonia | I107: Avinurme | J107: Mait Metspalu / Ene Metspalu / Richard Villems / J ri Parik | K107: M | L107: 58.985 | M107: 26.864 | N107: Genomic_from_blood | O107: FullyPublic | P107: X | Q107: =VLOOKUP(B107,Tabelle2!C:S,17,0) -> 0
A108: C | B108: LP6005441-DNA_A05 | C108: HGDP00530 | D108: HGDP00530 | E108: S_French-1 | F108: French | G108: WestEurasia | H108: France | I108: ? | J108: Howard Cann | K108: M | L108: 46 | M108: 2 | N108: Genomic_from_cell_lines | O108: FullyPublic | P108: X | Q108: =VLOOKUP(B108,Tabelle2!C:S,17,0) -> 0
A109: C | B109: LP6005441-DNA_B05 | C109: HGDP00526 | D109: HGDP00526 | E109: S_French-2 | F109: French | G109: WestEurasia | H109: France | I109: ? | J109: Howard Cann | K109: F | L109: 46 | M109: 2 | N109: Genomic_from_cell_lines | O109: FullyPublic | P109: X | Q109: =VLOOKUP(B109,Tabelle2!C:S,17,0) -> 0
A110: C | B110: LP6005442-DNA_G10 | C110: HG02464 | D110: HG02464 | E110: S_Gambian-1 | F110: Gambian | G110: Africa | H110: Gambia | I110: Western District | J110: 1KG | K110: M | L110: 13.4 | M110: -16.7 | N110: Genomic_from_cell_lines | O110: FullyPublic | P110: X | Q110: =VLOOKUP(B110,Tabelle2!C:S,17,0) -> 0
A111: C | B111: LP6005442-DNA_H10 | C111: HG02574 | D111: HG02574 | E111: S_Gambian-2 | F111: Gambian | G111: Africa | H111: Gambia | I111: Western District | J111: 1KG | K111: F | L111: 13.4 | M111: -16.7 | N111: Genomic_from_cell_lines | O111: FullyPublic | P111: X | Q111: =VLOOKUP(B111,Tabelle2!C:S,17,0) -> 0
A112: C | B112: LP6005442-DNA_B04 | C112: mg27 | D112: mg27 | E112: S_Georgian-1 | F112: Georgian | G112: WestEurasia | H112: Georgia | I112: Zugdidi_in_Megrelia | J112: Mait Metspalu / Elza Khusnutdinova / Rita Khusainova | K112: M | L112: 42.5 | M112: 41.85 | N112: Genomic_from_blood | O112: FullyPublic | P112: X | Q112: =VLOOKUP(B112,Tabelle2!C:S,17,0) -> 0
A113: C | B113: LP6005442-DNA_A04 | C113: mg31 | D113: mg31 | E113: S_Georgian-2 | F113: Georgian | G113: WestEurasia | H113: Georgia | I113: Zugdidi_in_Megrelia | J113: Mait Metspalu / Elza Khusnutdinova / Rita Khusainova | K113: M | L113: 42.5 | M113: 41.85 | N113: Genomic_from_blood | O113: FullyPublic | P113: X | Q113: =VLOOKUP(B113,Tabelle2!C:S,17,0) -> 0
A114: C | B114: LP6005442-DNA_G07 | C114: NA17377 | D114: NA17377 | E114: S_Greek-1 | F114: Greek | G114: WestEurasia | H114: Greece | I114: Cell_line_repository_sampling_location_unknown | J114: Coriell | K114: M | L114: 38 | M114: 23.7 | N114: Genomic_from_cell_lines | O114: FullyPublic | P114: X | Q114: =VLOOKUP(B114,Tabelle2!C:S,17,0) -> 0
A115: C | B115: LP6005443-DNA_A06 | C115: NA17374 | D115: NA17374 | E115: S_Greek-2 | F115: Greek | G115: WestEurasia | H115: Greece | I115: Cell_line_repository_sampling_location_unknown | J115: Coriell | K115: M | L115: 38 | M115: 23.7 | N115: Genomic_from_cell_lines | O115: FullyPublic | P115: X | Q115: =VLOOKUP(B115,Tabelle2!C:S,17,0) -> 0
A116: C | B116: LP6005441-DNA_D05 | C116: HGDP00783 | D116: HGDP00783 | E116: S_Han-1 | F116: Han | G116: EastAsia | H116: China | I116: ? | J116: Howard Cann | K116: F | L116: 32.3 | M116: 114 | N116: Genomic_from_cell_lines | O116: FullyPublic | P116: X | Q116: =VLOOKUP(B116,Tabelle2!C:S,17,0) -> 0
A117: C | B117: LP6005441-DNA_C05 | C117: HGDP00785 | D117: HGDP00785 | E117: S_Han-2 | F117: Han | G117: EastAsia | H117: China | I117: ? | J117: Howard Cann | K117: M | L117: 32.3 | M117: 114 | N117: Genomic_from_cell_lines | O117: FullyPublic | P117: X | Q117: =VLOOKUP(B117,Tabelle2!C:S,17,0) -> 0
... A125: C | B125: LP6005443-DNA_B06 | C125: NA15763 | D125: NA15763 | E125: S_Icelandic-2 | F125: Icelandic | G125: WestEurasia | H125: Iceland | I125: Cell_line_repository_sampling_location_unknown | J125: Coriell | K125: F | L125: 64.1 | M125: -21.9 | N125: Genomic_from_cell_lines | O125: FullyPublic | P125: X | Q125: =VLOOKUP(B125,Tabelle2!C:S,17,0) -> 0
A126: C | B126: LP6005519-DNA_C06 | C126: Igor20 | D126: Igor20 | E126: S_Igorot-1 | F126: Igorot | G126: Oceania | H126: Philippines | I126: Mountain Province | Q126: =VLOOKUP(B126,Tabelle2!C:S,17,0) -> 0
A127: C | B127: LP6005519-DNA_D06 | C127: Igor21 | D127: Igor21 | E127: S_Igorot-2 | F127: Igorot | G127: Oceania | H127: Philippines | I127: Mountain Province | Q127: =VLOOKUP(B127,Tabelle2!C:S,17,0) -> 0
A128: C | B128: LP6005442-DNA_C04 | C128: iran17 | D128: iran17 | E128: S_Iranian-1 | F128: Iranian | G128: WestEurasia | H128: Iran | I128: migrants_collected_in_Kuwait | J128: Mait Metspalu / Ene Metspalu / Richard Villems / J ri Parik | K128: M | L128: 35.586 | M128: 51.46 | N128: Genomic_from_blood | O128: FullyPublic | P128: X | Q128: =VLOOKUP(B128,Tabelle2!C:S,17,0) -> 0
A129: C | B129: LP6005443-DNA_B10 | C129: iran11 | D129: iran11 | E129: S_Iranian-2 | F129: Iranian | G129: WestEurasia | H129: Iran | I129: migrants_collected_in_Kuwait | J129: Mait Metspalu / Ene Metspalu / Richard Villems / J ri Parik | K129: M | L129: 35.586 | M129: 51.46 | N129: Genomic_from_blood | O129: FullyPublic | P129: X | Q129: =VLOOKUP(B129,Tabelle2!C:S,17,0) -> 0
A130: C | B130: LP6005592-DNA_F01 | C130: IraqiJew1771 | D130: IraqiJew1771 | E130: S_Iraqi_Jew-1 | F130: Iraqi_Jew | G130: WestEurasia | H130: Iraq | I130: Cell_line_repository | J130: Tel-Aviv University | K130: F | L130: 33.3 | M130: 44.4 | N130: Genomic_from_cell_lines | O130: FullyPublic | P130: X | Q130: =VLOOKUP(B130,Tabelle2!C:S,17,0) -> 0
A131: C | B131: LP6005592-DNA_E01 | C131: IraqiJew4291 | D131: IraqiJew4291 | E131: S_Iraqi_Jew-2 | F131: Iraqi_Jew | G131: WestEurasia | H131: Iraq | I131: Cell_line_repository | J131: Tel-Aviv University | K131: M | L131: 33.3 | M131: 44.4 | N131: Genomic_from_cell_lines | O131: FullyPublic | P131: X | Q131: =VLOOKUP(B131,Tabelle2!C:S,17,0) -> 0
A132: C | B132: LP6005519-DNA_C05 | C132: I1 | D132: I1 | E132: S_Irula-1 | F132: Irula | G132: SouthAsia | H132: India | I132: ? | J132: Lynn Jorde / Mike Bamshad / Scott Watkins | K132: M | L132: 13.5 | M132: 80 | N132: Genomic_from_blood | O132: FullyPublic | P132: X | Q132: =VLOOKUP(B132,Tabelle2!C:S,17,0) -> 0
A133: C | B133: LP6005519-DNA_D05 | C133: I3 | D133: I3 | E133: S_Irula-2 | F133: Irula | G133: SouthAsia | H133: India | I133: ? | J133: Lynn Jorde / Mike Bamshad / Scott Watkins | K133: M | L133: 13.5 | M133: 80 | N133: Genomic_from_blood | O133: FullyPublic | P133: X | Q133: =VLOOKUP(B133,Tabelle2!C:S,17,0) -> 0
A134: C | B134: LP6005441-DNA_E06 | C134: HGDP00328 | D134: HGDP00328 | E134: S_Kalash-1 | F134: Kalash | G134: SouthAsia | H134: Pakistan | I134: ? | J134: Howard Cann | K134: M | L134: 36 | M134: 71.5 | N134: Genomic_from_cell_lines | O134: FullyPublic | P134: X | Q134: =VLOOKUP(B134,Tabelle2!C:S,17,0) -> 0
A135: C | B135: LP6005441-DNA_F06 | C135: HGDP00286 | D135: HGDP00286 | E135: S_Kalash-2 | F135: Kalash | G135: SouthAsia | H135: Pakistan | I135: ? | J135: Howard Cann | K135: F | L135: 36 | M135: 71.5 | N135: Genomic_from_cell_lines | O135: FullyPublic | P135: X | Q135: =VLOOKUP(B135,Tabelle2!C:S,17,0) -> 0
A136: C | B136: LP6005519-DNA_A04 | C136: K1 | D136: K1 | E136: S_Kapu-1 | F136: Kapu | G136: SouthAsia | H136: India | I136: Visakhapatnam | J136: Lynn Jorde / Mike Bamshad / Scott Watkins | K136: M | L136: 17.7 | M136: 83.3 | N136: Genomic_from_blood | O136: FullyPublic | P136: X | Q136: =VLOOKUP(B136,Tabelle2!C:S,17,0) -> 0
A137: C | B137: LP6005519-DNA_B04 | C137: K4 | D137: K4 | E137: S_Kapu-2 | F137: Kapu | G137: SouthAsia | H137: India | I137: Visakhapatnam | J137: Lynn Jorde / Mike Bamshad / Scott Watkins | K137: M | L137: 17.7 | M137: 83.3 | N137: Genomic_from_blood | O137: FullyPublic | P137: X | Q137: =VLOOKUP(B137,Tabelle2!C:S,17,0) -> 0
A138: C | B138: LP6005441-DNA_G06 | C138: HGDP01012 | D138: HGDP01012 | E138: S_Karitiana-1 | F138: Karitiana | G138: America | H138: Brazil | I138: ? | J138: Howard Cann | K138: M | L138: -10 | M138: -63 | N138: Genomic_from_cell_lines | O138: FullyPublic | P138: X | Q138: =VLOOKUP(B138,Tabelle2!C:S,17,0) -> 0
A139: C | B139: LP6005441-DNA_H06 | C139: HGDP01018 | D139: HGDP01018 | E139: S_Karitiana-2 | F139: Karitiana | G139: America | H139: Brazil | I139: ? | J139: Howard Cann | K139: F | L139: -10 | M139: -63 | N139: Genomic_from_cell_lines | O139: FullyPublic | P139: X | Q139: =VLOOKUP(B139,Tabelle2!C:S,17,0) -> 0
A140: C | B140: LP6005677-DNA_D03 | C140: SA0342 | D140: SA0342 | E140: S_Khomani_San-1 | F140: Khomani_San | G140: Africa | H140: SouthAfrica | I140: Andriesvale Northern Cape | Q140: =VLOOKUP(B140,Tabelle2!C:S,17,0) -> 0
A141: C | B141: LP6005592-DNA_C05 | C141: SA0722 | D141: SA0722 | E141: S_Khomani_San-2 | F141: Khomani_San | G141: Africa | H141: SouthAfrica | I141: Andriesvale | Q141: =VLOOKUP(B141,Tabelle2!C:S,17,0) -> 0
A142: C | B142: LP6005442-DNA_D11 | C142: HG01600 | D142: HG01600 | E142: S_Kinh-1 | F142: Kinh | G142: EastAsia | H142: Vietnam | I142: Ho Chi Minh City | J142: 1KG | K142: F | L142: 21 | M142: 105.9 | N142: Genomic_from_cell_lines | O142: FullyPublic | P142: X | Q142: =VLOOKUP(B142,Tabelle2!C:S,17,0) -> 0
A143: C | B143: LP6005442-DNA_C11 | C143: HG01846 | D143: HG01846 | E143: S_Kinh-2 | F143: Kinh | G143: EastAsia | H143: Vietnam | I143: Ho Chi Minh City | J143: 1KG | K143: M | L143: 21 | M143: 105.9 | N143: Genomic_from_cell_lines | O143: FullyPublic | P143: X | Q143: =VLOOKUP(B143,Tabelle2!C:S,17,0) -> 0
A144: C | B144: LP6005443-DNA_D06 | C144: ND19394 | D144: ND19394 | E144: S_Korean-1 | F144: Korean | G144: EastAsia | H144: Korea | I144: Cell_line_repository_sampling_location_unknown | J144: Coriell | K144: M | L144: 37.6 | M144: 127 | N144: Genomic_from_cell_lines | O144: FullyPublic | P144: X | Q144: =VLOOKUP(B144,Tabelle2!C:S,17,0) -> 0
A145: C | B145: LP6005443-DNA_C06 | C145: NA00726 | D145: NA00726 | E145: S_Korean-2 | F145: Korean | G145: EastAsia | H145: Korea | I145: Cell_line_repository_sampling_location_unknown | J145: Coriell | K145: F | L145: 37.6 | M145: 127 | N145: Genomic_from_cell_lines | O145: FullyPublic | P145: X | Q145: =VLOOKUP(B145,Tabelle2!C:S,17,0) -> 0
A146: C | B146: LP6005443-DNA_C09 | C146: Kusunda02 | D146: K-2 | E146: S_Kusunda-1 | F146: Kusunda | G146: SouthAsia | H146: Nepal | I146: Ghorahi | Q146: =VLOOKUP(B146,Tabelle2!C:S,17,0) -> 0
A147: C | B147: LP6005443-DNA_D09 | C147: Kusunda15 | D147: K-15 | E147: S_Kusunda-2 | F147: Kusunda | G147: SouthAsia | H147: Nepal | I147: Damauli | Q147: =VLOOKUP(B147,Tabelle2!C:S,17,0) -> 0
A148: C | B148: LP6005677-DNA_B02 | C148: Bishkek28440 | D148: Bishkek28440 | E148: S_Kyrgyz-1 | F148: Kyrgyz | G148: CentralAsiaSiberia | H148: Kyrgyzystan | I148: Bishkek | J148: Robert Mahley / Ugur Hodoglugil | K148: M | L148: 42.9 | M148: 74.6 | N148: Genomic_from_blood | O148: FullyPublic | P148: X | Q148: =VLOOKUP(B148,Tabelle2!C:S,17,0) -> 0
...

Sheet Tabelle2
A1: # 1-n | B1: 2-ena_id | C1: 3-Illumina_ID | D1: 4-reich_id | E1: 5-ena_ftp_bam_ptr | F1: 6-Sequencing_Panel | G1: 7-Gender | H1: 8-Population_ID | I1: 9-Contributor | J1: 10-Region | K1: 11-Country | L1: 12-Town | M1: 13-Latitude | N1: 14-Longitude | O1: 15-DNA_Source | P1: 16-BioSamples Accession | Q1: 17-Embargo | R1: SampleID
A2: 1 | B2: SAMEA3302859 | C2: LP6005443-DNA_B06 | D2: S_Icelandic-2 | E2: ftp.sra.ebi.ac.uk/vol1/ERZ324/ERZ324295/LP6005443-DNA_B06.srt.aln.bam | F2: C | G2: F | H2: Icelandic | I2: Coriell | J2: WestEurasia | K2: Iceland | L2: Cell_line_repository_sampling_location_unknown | M2: 64.1 | N2: -21.9 | O2: Genomic_from_cell_lines | P2: SAMEA3302859 | Q2: FullyPublic | R2: =VLOOKUP(C2,Tabelle1!B:C,2,0) -> NA15763
A3: 2 | B3: SAMEA3302837 | C3: LP6005442-DNA_D08 | D3: S_Icelandic-1 | E3: ftp.sra.ebi.ac.uk/vol1/ERZ125/ERZ125657/srt.aln.bam | F3: C | G3: F | H3: Icelandic | I3: Coriell | J3: WestEurasia | K3: Iceland | L3: Cell_line_repository_sampling_location_unknown | M3: 64.1 | N3: -21.9 | O3: Genomic_from_cell_lines | P3: SAMEA3302837 | Q3: FullyPublic | R3: =VLOOKUP(C3,Tabelle1!B:C,2,0) -> NA15761
A4: 3 | B4: SAMEA3302616 | C4: LP6005441-DNA_D07 | D4: S_Makrani-2 | E4: ftp.sra.ebi.ac.uk/vol1/ERZ324/ERZ324870/LP6005441-DNA_D07.srt.aln.bam | F4: C | G4: F | H4: Makrani | I4: Howard Cann | J4: SouthAsia | K4: Pakistan | L4: ? | M4: 26 | N4: 64 | O4: Genomic_from_cell_lines | P4: SAMEA3302616 | Q4: FullyPublic | R4: =VLOOKUP(C4,Tabelle1!B:C,2,0) -> HGDP00157
A5: 4 | B5: SAMEA3302771 | C5: LP6005441-DNA_C07 | D5: S_Makrani-1 | E5: ftp.sra.ebi.ac.uk/vol1/ERZ312/ERZ312785/LP6005441-DNA_C07.srt.aln.bam | F5: C | G5: M | H5: Makrani | I5: Howard Cann | J5: SouthAsia | K5: Pakistan | L5: ? | M5: 26 | N5: 64 | O5: Genomic_from_cell_lines | P5: SAMEA3302771 | Q5: FullyPublic | R5: =VLOOKUP(C5,Tabelle1!B:C,2,0) -> HGDP00160
A6: 5 | B6: SAMEA3302647 | C6: LP6005442-DNA_G11 | D6: S_Mende-1 | E6: ftp.sra.ebi.ac.uk/vol1/ERZ324/ERZ324275/LP6005442-DNA_G11.srt.aln.bam | F6: C | G6: M | H6: Mende | I6: 1KG | J6: Africa | K6: SierraLeone | L6: ? | M6: 8.5 | N6: -13.2 | O6: Genomic_from_cell_lines | P6: SAMEA3302647 | Q6: FullyPublic | R6: =VLOOKUP(C6,Tabelle1!B:C,2,0) -> HG03078
A7: 6 | B7: SAMEA3302748 | C7: LP6005442-DNA_H11 | D7: S_Mende-2 | E7: ftp.sra.ebi.ac.uk/vol1/ERZ324/ERZ324282/LP6005442-DNA_H11.srt.aln.bam | F7: C | G7: F | H7: Mende | I7: 1KG | J7: Africa | K7: SierraLeone | L7: ? | M7: 8.5 | N7: -13.2 | O7: Genomic_from_cell_lines | P7: SAMEA3302748 | Q7: FullyPublic | R7: =VLOOKUP(C7,Tabelle1!B:C,2,0) -> HG03085
A8: 7 | B8: SAMEA3302764 | C8: LP6005442-DNA_F12 | D8: S_Tubalar-1 | E8: ftp.sra.ebi.ac.uk/vol1/ERZ324/ERZ324267/LP6005442-DNA_F12.srt.aln.bam | F8: C | G8: F | H8: Tubalar | I8: Rem Sukernik / Stanislav Dryomov | J8: CentralAsiaSiberia | K8: Russia | L8: Artybash and Kebezen, Altai-Sayan Upland | M8: 51.133333 | N8: 87 | O8: Genomic_from_blood | P8: SAMEA3302764 | Q8: FullyPublic | R8: =VLOOKUP(C8,Tabelle1!B:C,2,0) -> Tuba19
A9: 8 | B9: SAMEA3302781 | C9: LP6005442-DNA_E12 | D9: S_Tubalar-2 | E9: ftp.sra.ebi.ac.uk/vol1/ERZ324/ERZ324260/LP6005442-DNA_E12.srt.aln.bam | F9: C | G9: F | H9: Tubalar | I9: Rem Sukernik / Stanislav Dryomov | J9: CentralAsiaSiberia | K9: Russia | L9: Artybash and Kebezen, Altai-Sayan Upland | M9: 51.133333 | N9: 87 | O9: Genomic_from_blood | P9: SAMEA3302781 | Q9: FullyPublic | R9: =VLOOKUP(C9,Tabelle1!B:C,2,0) -> Tuba9
A10: 9 | B10: SAMEA3302703 | C10: LP6005442-DNA_G12 | D10: S_Ulchi-2 | E10: ftp.sra.ebi.ac.uk/vol1/ERZ324/ERZ324276/LP6005442-DNA_G12.srt.aln.bam | F10: C | G10: F | H10: Ulchi | I10: Rem Sukernik / Stanislav Dryomov | J10: CentralAsiaSiberia | K10: Russia | L10: Bogorodskoe, Lower Amur | M10: 52.37 | N10: 140.45 | O10: Genomic_from_blood | P10: SAMEA3302703 | Q10: FullyPublic | R10: =VLOOKUP(C10,Tabelle1!B:C,2,0) -> Ul5
A11: 10 | B11: SAMEA3302862 | C11: LP6005442-DNA_H12 | D11: S_Ulchi-1 | E11: ftp.sra.ebi.ac.uk/vol1/ERZ324/ERZ324283/LP6005442-DNA_H12.srt.aln.bam | F11: C | G11: F | H11: Ulchi | I11: Rem Sukernik / Stanislav Dryomov | J11: CentralAsiaSiberia | K11: Russia | L11: Nizhniy Gavan, Lower Amur | M11: 52.43 | N11: 140.42 | O11: Genomic_from_blood | P11: SAMEA3302862 | Q11: FullyPublic | R11: =VLOOKUP(C11,Tabelle1!B:C,2,0) -> Ul31
A12: 11 | B12: SAMEA3302655 | C12: LP6005442-DNA_C02 | D12: S_Abkhasian-1 | E12: ftp.sra.ebi.ac.uk/vol1/ERZ312/ERZ312844/LP6005442-DNA_C02.srt.aln.bam | F12: C | G12: M | H12: Abkhasian | I12: Mait Metspalu / Elza Khusnutdinova / Rita Khusainova | J12: WestEurasia | K12: Abkhazia | L12: Sukhum | M12: 43.003 | N12: 41.015 | O12: Genomic_from_blood | P12: SAMEA3302655 | Q12: FullyPublic | R12: =VLOOKUP(C12,Tabelle1!B:C,2,0) -> abh107
A13: 12 | B13: SAMEA3302693 | C13: LP6005442-DNA_D02 | D13: S_Abkhasian-2 | E13: ftp.sra.ebi.ac.uk/vol1/ERZ312/ERZ312765/LP6005442-DNA_D02.srt.aln.bam | F13: C | G13: M | H13: Abkhasian | I13: Mait Metspalu / Elza Khusnutdinova / Rita Khusainova | J13: WestEurasia | K13: Russia | L13: Sukhum | M13: 43.003 | N13: 41.015 | O13: Genomic_from_blood | P13: SAMEA3302693 | Q13: FullyPublic | R13: =VLOOKUP(C13,Tabelle1!B:C,2,0) -> abh100
... A281: 280 | B281: SAMEA3302807 | C281: LP6005592-DNA_G01 | D281: S_Yemenite_Jew-2 | E281: ftp.sra.ebi.ac.uk/vol1/ERZ324/ERZ324392/LP6005592-DNA_G01.srt.aln.bam | F281: C | G281: M | H281: Yemenite_Jew | I281: Tel-Aviv University | J281: WestEurasia | K281: Yemen | L281: Cell_line_repository | M281: 15.4 | N281: 44.2 | O281: Genomic_from_cell_lines | P281: SAMEA3302807 | Q281: FullyPublic | R281: =VLOOKUP(C281,Tabelle1!B:C,2,0) -> YemeniteJew5433
R282: =VLOOKUP(C282,Tabelle1!B:C,2,0) -> #N/A
